Neighborhood,Price,Bedrooms,Bathrooms,House Size,Description,Neighborhood Description
Willow Creek,"$750,000",4,3,"2,500 sqft","Step into this spacious 4-bedroom, 3-bathroom home located in the serene neighborhood of Willow Creek. This property features a newly renovated kitchen with stainless steel appliances, a cozy fireplace in the living room, and a large deck overlooking the lush backyard. With ample natural light and a functional layout, this home is perfect for families looking for comfort and style.","Willow Creek offers a peaceful setting with tree-lined streets and easy access to parks and walking trails. Enjoy the convenience of nearby shopping centers and restaurants, as well as top-rated schools in the area. With a strong sense of community and a variety of amenities, Willow Creek is the ideal place to call home."
Sunset Ridge,"$900,000",5,4,"3,000 sqft","Welcome to this stunning 5-bedroom, 4-bathroom home in the prestigious neighborhood of Sunset Ridge. This property boasts a grand entrance, high ceilings, and a gourmet kitchen with granite countertops and top-of-the-line appliances. The master suite features a luxurious bathroom with a soaking tub and a walk-in closet. Enjoy the breathtaking mountain views from the spacious backyard with a patio and fire pit, perfect for entertaining guests.","Sunset Ridge is known for its upscale living and scenic views. Residents can take advantage of the nearby hiking trails, golf courses, and exclusive country clubs. With easy access to highways and shopping centers, Sunset Ridge offers a luxurious lifestyle with all the conveniences at your fingertips."
Maple Grove,"$650,000",3,2,"1,800 sqft","Nestled in the charming neighborhood of Maple Grove, this 3-bedroom, 2-bathroom home exudes warmth and character. The open-concept living area features a cozy fireplace and hardwood floors, while the updated kitchen boasts granite countertops and stainless steel appliances. Step outside to the private backyard with a deck and garden, perfect for enjoying the peaceful surroundings.","Maple Grove offers a quaint and friendly atmosphere with tree-lined streets and community events throughout the year. Residents can enjoy the nearby parks, playgrounds, and local cafes. With easy access to public transportation and schools, Maple Grove is a great place for families looking for a close-knit community."
Riverfront Estates,"$1,200,000",6,5,"4,500 sqft","Experience luxury living in this exquisite 6-bedroom, 5-bathroom home located in the prestigious Riverfront Estates neighborhood. This property features a grand foyer, formal dining room, and a chef's kitchen with high-end appliances and custom cabinetry. The master suite offers a spa-like bathroom with a jetted tub and a private balcony overlooking the river. Entertain guests in the backyard oasis with a pool, spa, and outdoor kitchen.","Riverfront Estates is a sought-after neighborhood known for its waterfront properties and upscale amenities. Residents can enjoy boating and fishing on the river, as well as access to exclusive country clubs and golf courses. With top-rated schools and easy access to highways, Riverfront Estates offers a luxurious lifestyle with all the comforts of home."
Oakwood Hills,"$850,000",4,3,"2,700 sqft","Welcome to this charming 4-bedroom, 3-bathroom home in the desirable neighborhood of Oakwood Hills. This property features a spacious living room with a fireplace, a gourmet kitchen with granite countertops, and a formal dining room for entertaining. The master suite offers a walk-in closet and a luxurious bathroom with a soaking tub. Step outside to the landscaped backyard with a patio and garden, perfect for enjoying the peaceful surroundings.","Oakwood Hills is a family-friendly neighborhood with tree-lined streets and parks. Residents can take advantage of the nearby hiking trails, playgrounds, and community events. With easy access to schools and shopping centers, Oakwood Hills is a great place for families looking for a safe and welcoming community."
Mountain View,"$700,000",3,2,"2,000 sqft","Enjoy mountain living in this 3-bedroom, 2-bathroom home located in the scenic neighborhood of Mountain View. This property features a cozy living room with a wood-burning stove, a bright kitchen with mountain views, and a spacious deck for outdoor dining. The master suite offers a private balcony and a renovated bathroom with a walk-in shower. Embrace the beauty of nature in the large backyard with a garden and fruit trees.","Mountain View offers a tranquil setting with panoramic mountain views and easy access to hiking trails and ski resorts. Residents can enjoy outdoor activities year-round, from skiing in the winter to hiking and biking in the summer. With a strong sense of community and a variety of amenities, Mountain View is the perfect place for nature lovers."
Lakefront Terrace,"$950,000",5,4,"3,200 sqft","Step into this elegant 5-bedroom, 4-bathroom home located in the exclusive Lakefront Terrace neighborhood. This property features a grand entrance, high ceilings, and a gourmet kitchen with quartz countertops and custom cabinetry. The master suite offers a luxurious bathroom with a soaking tub and a walk-in closet. Entertain guests in the backyard oasis with a pool, spa, and outdoor kitchen overlooking the lake.","Lakefront Terrace is a prestigious neighborhood known for its waterfront properties and upscale amenities. Residents can enjoy boating and fishing on the lake, as well as access to exclusive country clubs and golf courses. With top-rated schools and easy access to highways, Lakefront Terrace offers a luxurious lifestyle with all the comforts of home."
Pinecrest Heights,"$600,000",3,2,"1,700 sqft","Nestled in the peaceful neighborhood of Pinecrest Heights, this 3-bedroom, 2-bathroom home offers comfort and style. The open-concept living area features a cozy fireplace and hardwood floors, while the updated kitchen boasts granite countertops and stainless steel appliances. Step outside to the private backyard with a deck and garden, perfect for enjoying the serene surroundings.","Pinecrest Heights offers a quiet and friendly atmosphere with tree-lined streets and parks. Residents can enjoy the nearby hiking trails, playgrounds, and local cafes. With easy access to public transportation and schools, Pinecrest Heights is a great place for families looking for a close-knit community."
Sunrise Meadows,"$800,000",4,3,"2,400 sqft","Welcome to this spacious 4-bedroom, 3-bathroom home located in the serene neighborhood of Sunrise Meadows. This property features a newly renovated kitchen with stainless steel appliances, a cozy fireplace in the living room, and a large deck overlooking the lush backyard. With ample natural light and a functional layout, this home is perfect for families looking for comfort and style.","Sunrise Meadows offers a peaceful setting with tree-lined streets and easy access to parks and walking trails. Enjoy the convenience of nearby shopping centers and restaurants, as well as top-rated schools in the area. With a strong sense of community and a variety of amenities, Sunrise Meadows is the ideal place to call home."
Harbor Pointe,"$850,000",4,3,"2,600 sqft","Step into this charming 4-bedroom, 3-bathroom home located in the desirable neighborhood of Harbor Pointe. This property features a spacious living room with a fireplace, a gourmet kitchen with granite countertops, and a formal dining room for entertaining. The master suite offers a walk-in closet and a luxurious bathroom with a soaking tub. Step outside to the landscaped backyard with a patio and garden, perfect for enjoying the peaceful surroundings.","Harbor Pointe is a family-friendly neighborhood with tree-lined streets and parks. Residents can take advantage of the nearby hiking trails, playgrounds, and community events. With easy access to schools and shopping centers, Harbor Pointe is a great place for families looking for a safe and welcoming community."
Oceanfront Estates,"$1,500,000",6,5,"5,000 sqft","Experience luxury living in this exquisite 6-bedroom, 5-bathroom home located in the prestigious Oceanfront Estates neighborhood. This property features a grand foyer, formal dining room, and a chef's kitchen with high-end appliances and custom cabinetry. The master suite offers a spa-like bathroom with a jetted tub and a private balcony overlooking the ocean. Entertain guests in the backyard oasis with a pool, spa, and outdoor kitchen.","Oceanfront Estates is a sought-after neighborhood known for its oceanfront properties and upscale amenities. Residents can enjoy beach access and water activities, as well as access to exclusive country clubs and golf courses. With top-rated schools and easy access to highways, Oceanfront Estates offers a luxurious lifestyle with all the comforts of home."
Meadowbrook Heights,"$700,000",3,2,"2,100 sqft","Enjoy peaceful living in this 3-bedroom, 2-bathroom home located in the scenic neighborhood of Meadowbrook Heights. This property features a cozy living room with a wood-burning stove, a bright kitchen with garden views, and a spacious deck for outdoor dining. The master suite offers a private balcony and a renovated bathroom with a walk-in shower. Embrace the beauty of nature in the large backyard with a garden and fruit trees.","Meadowbrook Heights offers a tranquil setting with lush greenery and easy access to hiking trails and parks. Residents can enjoy outdoor activities year-round, from gardening in the summer to cozying up by the fireplace in the winter. With a strong sense of community and a variety of amenities, Meadowbrook Heights is the perfect place for nature lovers."
Riverside Gardens,"$750,000",4,3,"2,300 sqft","Step into this elegant 4-bedroom, 3-bathroom home located in the exclusive Riverside Gardens neighborhood. This property features a grand entrance, high ceilings, and a gourmet kitchen with quartz countertops and custom cabinetry. The master suite offers a luxurious bathroom with a soaking tub and a walk-in closet. Entertain guests in the backyard oasis with a pool, spa, and outdoor kitchen overlooking the river.","Riverside Gardens is a prestigious neighborhood known for its waterfront properties and upscale amenities. Residents can enjoy boating and fishing on the river, as well as access to exclusive country clubs and golf courses. With top-rated schools and easy access to highways, Riverside Gardens offers a luxurious lifestyle with all the comforts of home."
Hillside Manor,"$650,000",3,2,"1,900 sqft","Nestled in the charming neighborhood of Hillside Manor, this 3-bedroom, 2-bathroom home exudes warmth and character. The open-concept living area features a cozy fireplace and hardwood floors, while the updated kitchen boasts granite countertops and stainless steel appliances. Step outside to the private backyard with a deck and garden, perfect for enjoying the peaceful surroundings.","Hillside Manor offers a quaint and friendly atmosphere with tree-lined streets and community events throughout the year. Residents can enjoy the nearby parks, playgrounds, and local cafes. With easy access to public transportation and schools, Hillside Manor is a great place for families looking for a close-knit community."